target,target_col,horizon,model,split,rmse,mae,oos_r2,row_count
Wage,wage_target_3,3,Ridge,Expanding Window,0.7922897143856874,0.6260426029204611,0.3832925432338956,54
Wage,wage_target_3,3,OLS,Expanding Window,0.794097867839748,0.6283746182985274,0.3786836024493729,54
Wage,wage_target_3,3,ElasticNet,Expanding Window,0.8038406398012494,0.6360490354724312,0.36126199726814107,54
Wage,wage_target_3,3,Lasso,Expanding Window,0.8097440957134928,0.641649869172828,0.3482013341616635,54
Wage,wage_target_3,3,Huber,Expanding Window,0.830942513881427,0.654694046779472,0.3176820040813562,54
Wage,wage_target_3,3,AR,Expanding Window,0.844577691496132,0.6783328272746383,0.2600324019195857,54
Wage,wage_target_3,3,GradientBoosting,Expanding Window,0.9525312523018336,0.7355697595083397,0.17174420346856537,54
Wage,wage_target_3,3,Persistence,Expanding Window,0.970682020380368,0.7969965622020583,0.0,54
Wage,wage_target_3,3,RandomForest,Expanding Window,1.026596596227548,0.7897677469914886,0.027449749406139128,54
Wage,wage_target_6,6,OLS,Expanding Window,0.9269683475979372,0.6992217447310276,0.7031443078796841,45
Wage,wage_target_6,6,Ridge,Expanding Window,0.9299396540934436,0.7033644375866234,0.699280669036973,45
Wage,wage_target_6,6,Lasso,Expanding Window,0.9381343419147229,0.7098047627243586,0.6885150626647794,45
Wage,wage_target_6,6,ElasticNet,Expanding Window,0.9381851600691423,0.7118180412340132,0.6889303077895805,45
Wage,wage_target_6,6,Huber,Expanding Window,0.9721908491311037,0.7615126805153277,0.6768384007363623,45
Wage,wage_target_6,6,AR,Expanding Window,1.0265666641379394,0.6893510953133317,0.5525708717628405,45
Wage,wage_target_6,6,RandomForest,Expanding Window,1.3233249334624972,1.1299983561545208,0.3870544884176293,45
Wage,wage_target_6,6,Persistence,Expanding Window,1.511736733212229,1.2922304194836916,0.0,45
Wage,wage_target_6,6,GradientBoosting,Expanding Window,1.7571233082082003,1.4637771608527652,-0.5557039631863847,45
CPI,cpi_target_3,3,AR,Pre to Post,2.2018087299073987,1.8190222862291896,0.8758488196562357,4
CPI,cpi_target_3,3,Huber,Pre to Post,2.6782140048814456,2.1103321828627033,0.8163113900454712,4
CPI,cpi_target_3,3,Lasso,Pre to Post,3.0533577770236366,2.3756924348763606,0.7612479739619721,4
CPI,cpi_target_3,3,ElasticNet,Pre to Post,3.0761899798338432,2.387020929067561,0.7576639746236523,4
CPI,cpi_target_3,3,OLS,Pre to Post,3.0813911698910244,2.3869846645980957,0.756843803373002,4
CPI,cpi_target_3,3,Ridge,Pre to Post,3.1185247169882175,2.406859427862301,0.7509479875543953,4
CPI,cpi_target_3,3,RandomForest,Pre to Post,3.3782701641473216,2.31485832088008,0.7077325640382136,4
CPI,cpi_target_3,3,GradientBoosting,Pre to Post,3.491255748293761,2.249081231334597,0.6878559925229126,4
CPI,cpi_target_3,3,Persistence,Pre to Post,6.248908461765534,5.492299758367114,0.0,4
CPI,cpi_target_6,6,AR,Pre to Post,0.30393185297128206,0.25099246744217385,0.9953168739910304,12
CPI,cpi_target_6,6,Lasso,Pre to Post,0.45325034109735673,0.3488942907604457,0.9895849901013681,12
CPI,cpi_target_6,6,OLS,Pre to Post,0.45779652632382395,0.34936004694757816,0.9893750133301558,12
CPI,cpi_target_6,6,ElasticNet,Pre to Post,0.46997128807503363,0.35694814617754805,0.9888023713520946,12
CPI,cpi_target_6,6,Ridge,Pre to Post,0.4897679782363436,0.36487353716432924,0.9878391429995861,12
CPI,cpi_target_6,6,Huber,Pre to Post,0.5341693224426298,0.4566046349021202,0.9855342387424278,12
CPI,cpi_target_6,6,GradientBoosting,Pre to Post,0.9647564241036833,0.6895679178210331,0.9528133912604728,12
CPI,cpi_target_6,6,RandomForest,Pre to Post,1.2780309732868915,0.5729401270334451,0.9171931687066399,12
CPI,cpi_target_6,6,Persistence,Pre to Post,4.441281452079593,4.207884465222349,0.0,12
CPI,cpi_target_12,12,OLS,Pre to Post,0.3488987654178758,0.27650289279226403,0.9800045896853913,5
CPI,cpi_target_12,12,Huber,Pre to Post,0.361586051603787,0.28311582033458943,0.9785239308825717,5
CPI,cpi_target_12,12,Ridge,Pre to Post,0.3620770758747527,0.28380355495102594,0.9784655634138372,5
CPI,cpi_target_12,12,Lasso,Pre to Post,0.38059209966268503,0.3130738019303897,0.9762069020220226,5
CPI,cpi_target_12,12,ElasticNet,Pre to Post,0.3815693485603531,0.30754873653015824,0.9760845577554643,5
CPI,cpi_target_12,12,AR,Pre to Post,0.6369634831083287,0.5572713537735183,0.9333560813960732,5
CPI,cpi_target_12,12,GradientBoosting,Pre to Post,1.1688358909362362,1.0580510892985722,0.7755918979204722,5
CPI,cpi_target_12,12,RandomForest,Pre to Post,1.1739914200870187,0.9487827211545934,0.7736078827893318,5
CPI,cpi_target_12,12,Persistence,Pre to Post,2.467369957286404,2.359168545472805,0.0,5
PCE,pce_target_3,3,Huber,Pre to Post,0.3517992492270024,0.2994813663491762,0.444088674118692,2
PCE,pce_target_3,3,Ridge,Pre to Post,0.37260160491628364,0.3400091539335983,0.3764013762181385,2
PCE,pce_target_3,3,OLS,Pre to Post,0.38674395032362174,0.3567376518019265,0.32816478595382736,2
PCE,pce_target_3,3,ElasticNet,Pre to Post,0.3959554456239387,0.35547314121098816,0.29578001430083656,2
PCE,pce_target_3,3,Lasso,Pre to Post,0.40824844991795833,0.365076076825253,0.25137419253370874,2
PCE,pce_target_3,3,Persistence,Pre to Post,0.47183716650630875,0.4569988490857215,0.0,2
PCE,pce_target_3,3,GradientBoosting,Pre to Post,0.6061284228139581,0.4780043099192752,-0.6502320018463983,2
PCE,pce_target_3,3,AR,Pre to Post,0.6238815256219775,0.446693528313707,-0.7483160987649644,2
PCE,pce_target_3,3,RandomForest,Pre to Post,0.64902991424957,0.5632652075559836,-0.8921045673451486,2
PCE,pce_target_6,6,OLS,Pre to Post,0.4829098452683747,0.3599787542834269,0.9702933031746896,11
PCE,pce_target_6,6,Ridge,Pre to Post,0.5339290572754664,0.35310211776536743,0.9636847232820696,11
PCE,pce_target_6,6,Lasso,Pre to Post,0.5461569164959549,0.34777938124546526,0.9620023165360505,11
PCE,pce_target_6,6,Huber,Pre to Post,0.5539998326098923,0.3584464561601584,0.9609031730712544,11
PCE,pce_target_6,6,ElasticNet,Pre to Post,0.5629959940976385,0.36045984677607934,0.9596231109747096,11
PCE,pce_target_6,6,AR,Pre to Post,0.5643022703561069,0.36625319370662823,0.9594355268346084,11
PCE,pce_target_6,6,GradientBoosting,Pre to Post,1.9957350807403649,1.2753542049881093,0.49262621131121387,11
PCE,pce_target_6,6,RandomForest,Pre to Post,2.0449242860952985,1.1445289545235846,0.46730734289171516,11
PCE,pce_target_6,6,Persistence,Pre to Post,2.8018112684075462,2.092163645320126,0.0,11
PCE,pce_target_12,12,AR,Pre to Post,0.5419697449052941,0.43550520813421734,0.9770499459577556,7
PCE,pce_target_12,12,Lasso,Pre to Post,0.5720047894891389,0.479711206972818,0.9744357558292637,7
PCE,pce_target_12,12,ElasticNet,Pre to Post,0.5746460562084007,0.4781311500954182,0.9741991218639351,7
PCE,pce_target_12,12,Ridge,Pre to Post,0.6154732037416114,0.5197935045945403,0.9704027115185332,7
PCE,pce_target_12,12,OLS,Pre to Post,0.6764143149646851,0.5633184231977886,0.9642513861679233,7
PCE,pce_target_12,12,Huber,Pre to Post,0.7285384920330038,0.5673817507536947,0.9585295611238391,7
PCE,pce_target_12,12,RandomForest,Pre to Post,2.379970555319093,1.6349077098885572,0.5574352755535603,7
PCE,pce_target_12,12,GradientBoosting,Pre to Post,2.4916232916432053,1.8097218223361704,0.5149367296569826,7
PCE,pce_target_12,12,Persistence,Pre to Post,3.577529196423146,3.0988506721883042,0.0,7
Wage,wage_target_3,3,OLS,Pre to Post,0.7795874029724681,0.6357232581041943,0.7144222412295298,16
Wage,wage_target_3,3,Ridge,Pre to Post,0.7841957333230405,0.6398391296589099,0.7110360234579443,16
Wage,wage_target_3,3,ElasticNet,Pre to Post,0.813398393126907,0.6669227557200221,0.6891138495120122,16
Wage,wage_target_3,3,Lasso,Pre to Post,0.8167030946155359,0.6702018968513658,0.6865825610769447,16
Wage,wage_target_3,3,Huber,Pre to Post,0.8420393582854517,0.6985726668593758,0.6668348718074073,16
Wage,wage_target_3,3,AR,Pre to Post,1.0141105421142114,0.9062519502644002,0.5167572468928356,16
Wage,wage_target_3,3,GradientBoosting,Pre to Post,1.0942596026153264,0.8709622016842343,0.4373536732312936,16
Wage,wage_target_3,3,RandomForest,Pre to Post,1.290090696746789,1.02445175025169,0.21794870071941086,16
Wage,wage_target_3,3,Persistence,Pre to Post,1.4588230692780817,1.3266556619425218,0.0,16
Wage,wage_target_6,6,ElasticNet,Pre to Post,0.35755862529873955,0.28278081763051255,0.9954048754413507,18
Wage,wage_target_6,6,Lasso,Pre to Post,0.3605222579674399,0.2845553619021299,0.9953283861726108,18
Wage,wage_target_6,6,AR,Pre to Post,0.4318364457756242,0.31443212996156195,0.9932974300369423,18
Wage,wage_target_6,6,Ridge,Pre to Post,0.4492222361944797,0.3446819344265284,0.9927468733453565,18
Wage,wage_target_6,6,OLS,Pre to Post,0.49258657280931867,0.37545264349910923,0.9912789674131816,18
Wage,wage_target_6,6,Huber,Pre to Post,0.6038403324930887,0.486478373091574,0.9868946988352474,18
Wage,wage_target_6,6,RandomForest,Pre to Post,0.8086508625568093,0.5313270651274523,0.976496914597639,18
Wage,wage_target_6,6,GradientBoosting,Pre to Post,3.4216220438135103,2.6846634853042093,0.5792086140056409,18
Wage,wage_target_6,6,Persistence,Pre to Post,5.274710332647704,5.240506505494139,0.0,18
Wage,wage_target_12,12,Huber,Pre to Post,0.674452635591895,0.41433463751159905,0.9143234898375829,9
Wage,wage_target_12,12,Ridge,Pre to Post,0.8801461223163022,0.7254576490890909,0.85409559099288,9
Wage,wage_target_12,12,Lasso,Pre to Post,0.8900927347486576,0.7123726347267154,0.8507791985153312,9
Wage,wage_target_12,12,ElasticNet,Pre to Post,0.8966105753103082,0.7197274317519733,0.8485858127000421,9
Wage,wage_target_12,12,RandomForest,Pre to Post,0.9698363556535952,0.7534263387745922,0.8228440364822827,9
Wage,wage_target_12,12,OLS,Pre to Post,1.0824826281406659,0.7674312973669688,0.7793008162973216,9
Wage,wage_target_12,12,AR,Pre to Post,1.290382413935479,1.2246440367524494,0.6863857938818423,9
Wage,wage_target_12,12,GradientBoosting,Pre to Post,1.472312923748868,1.2568793986335365,0.5917190614064544,9
Wage,wage_target_12,12,Persistence,Pre to Post,2.3042021208718912,2.2556981383875145,0.0,9
